22580,201702,HORI PS4 遥控游玩用 拓展握把 for psv 2000 索尼plays,null,个,1,152.0,152.0,25.84,1090519990000000000
22580,201702,好孩子 Goodbaby 学步车XB109E-J231BG,null,个,11,144.718181818182,1591.9,270.62,1060408010000000000
22580,201702,BroadLink RM mini3 黑豆智能WiFi 空调、电视遥控器,null,个,3,55.5633333333333,166.69,28.34,1090407030000000000
22580,201702,飞利浦M3100U 耳塞式 电脑 耳麦 黑色,null,个,5,38.53,192.65,32.75,1090519060000000000
22580,201702,现代翼蛇 HY-MK100 背光游戏键鼠套装,null,个,2,64.105,128.21,21.79,1090512990000000000
22580,201702,达尔优05 火影忍者限量版 游戏鼠标,null,个,5,121.37,606.85,103.16,1090512990000000000
22580,201702,品恒-YPX030 AUX线车用 3.5mm音频线公对公 车载立体声音响音箱连接,null,个,59,14.1027118644068,832.06,141.45,1090421990000000000
22580,201702,贝恩施 益智玩具 宝宝婴幼儿启蒙学习第一本布书a10,null,个,5,41.03,205.15,34.87,1060408050000000000
22580,201702,绿之源 360°室内装修安全卫士升级版 新房装修活性炭包除甲醛清除剂汽车除味竹炭,null,个,5,183.25,916.25,155.76,1090232100000000000
22580,201702,本手套装无线2800全黑,null,个,1,53.85,53.85,9.15,1090512990000000000
22580,201702,马来西亚进口 Munchy s马奇新新 妙乐香草味夹心巧克力威化饼干 90g,null,个,68,6.73,457.64,77.8,1030201990000000000
22580,201702,得力880 强吸力桌面吸尘器/清洁助手 键盘除尘/迷你便携 浅绿,null,个,48,18.2908333333333,877.96,149.25,1060401990000000000
22580,201702,乔思伯ipse日食-炫光白 12CM 11叶LED发光风扇 3Ppin to 4,null,个,53,25.6418867924528,1359.02,231.03,1090512990000000000
22580,201702,吉米家居 JM-G201010家用扎带,null,个,245,0.811959183673469,198.93,33.82,1090512990000000000
22580,201702,亿色pe-C数据线 USB3.0安卓手机充电线 适用华为P9/荣耀V8/小米5s,null,个,4,15.38,61.52,10.46,1090505020000000000
22580,201702,全棉时代清洁棉宝宝擦拭棉巾干湿两用10x13cm,null,个,10.0,42.137,421.37,71.63,1090505020000000000
22580,201702,乐扣乐扣loBebe系列 儿童野餐保温杯含背带(320ml)绿色 HBB336G,null,个,1,88.38,88.38,15.02,1070601120000000000
22580,201702,乐士enpex 737羽毛球拍 户外亲子休闲羽毛球拍对拍,null,个,1,11.54,11.54,1.96,1060406010000000000
22580,201702,力易得25 加强型塑料工具箱19,null,个,9,59.8288888888889,538.46,91.54,1050201990000000000
22580,201702,沙宣修护水养专业润发乳200ML,null,个,4,21.2575,85.03,14.46,1070223030000000000
22580,201702,智利 蒙特斯经典玛尔贝干红葡萄酒 750ml,null,个,2,49.52,99.04,16.84,1030305000000000000
48006,201703,万寿无疆金筷,50g,件,1,14769.2307692308,14769.23,2510.77,1060502040000000000
22583,201612,卡卡买 奥迪A4L,null,个,1,44.02,44.02,7.48,1090310000000000000
22583,201612,英雄HERO精装盒高级铱金钢笔-382,null,个,3,18.3766666666667,55.13,9.37,1060401000000000000
22583,201612,康宁 CORELLE 17头飞燕草系列玻璃餐具套装17-BFL/ZK,null,个,1,537.61,537.61,91.39,1080121010000000000
22583,201612,KOOLIFE 荣耀平板2标准版保护套 钢丝纹皮套 三折皮套/支架皮套,null,个,2,23.93,47.86,8.14,1090509000000000000
22583,201612,麦博11音箱十周年纪念版,null,个,1,115.27,115.27,19.6,1090519060000000000
22583,201612,Mustela妙思乐贝贝保湿润肤露 300ml,null,个,4,75.8975,303.59,51.61,1070223020000000000
22583,201612,潜水艇-4 洗衣机地漏专用三通 滚筒涡轮洗衣机通,null,个,1,10.26,10.26,1.74,1080421000000000000
22583,201612,滨崎迪士尼 手指饼干牛奶味100g,null,个,7,1.91,13.37,2.27,1030201030000000000
22583,201612,舒肤佳草舒缓呵护沐浴露200毫升,null,个,1,9.13,9.13,1.55,1070223010000000000
22583,201612,飞利浦FF5661/T3 50英寸 护眼全高清LED智能电视 （护眼舒,null,个,3,2174.24,6522.72,1108.86,1090522010000000000
22583,201612,硕美科游戏耳机 头戴式 电竞耳麦 发光灯 多功能线控 白色,null,个,2,50.425,100.85,17.14,1090519060000000000
22583,201612,惠普50w 8G 商务U盘,null,个,5,20.452,102.26,17.38,1090511000000000000
22583,201612,现代-KA3财务会计银行使用便携数字键盘,null,个,1,20.51,20.51,3.49,1090512990000000000
22583,201612,吉香居 香辣酱358g×1瓶 拌菜拌面调味料蘸酱,null,个,3,6.83666666666667,20.51,3.49,1030206000000000000
22583,201612,忠臣模具烤箱伴侣蛋糕套组（共50个）HBBL-B1,null,个,1,1.24,1.24,0.21,1090417000000000000
22583,201612,雷蛇（Razer）狂蛇2000和重装甲虫控制板小号套装,null,个,7,128.208571428571,897.46,152.57,1090512990000000000
22583,201612,艾美 DF400 视挂架/液晶电视机挂架/电视支架,null,个,11,58.9763636363636,648.74,110.28,1090417000000000000
22583,201612,妙洁 金属钢丝球 洗碗球 买2送1 促销装6006,null,个,11,3.07181818181818,33.79,5.74,1050108010000000000
22583,201612,大宝OD清爽保湿露 100ml,null,个,4,9.7175,38.87,6.61,1070223020000000000
22583,201612,三堡纯铜电话线 （150米/卷）,null,个,1,51.28,51.28,8.72,1090407030000000000
22583,201612,得力09 180mm办公剪刀 颜色随机 1把,null,个,5,3.034,15.17,2.58,1060401000000000000
22583,201612,陶华碧老干妈火锅底料160g,null,个,9,3.59,32.31,5.49,1030206000000000000
22583,201612,海尔R-72LW/12MAP22AU1 2匹 变频 冷暖 二级能效 自,null,个,1,5956.54,5956.54,1012.61,1090415010000000000
22583,201612,统一 仙草鲜爽 仙草凉茶 植物饮料 310毫升*12罐,null,个,1,24.93,24.93,4.24,1030307000000000000
22583,201612,金士顿erX Alloy 阿洛伊 cherry青轴机械键盘,null,个,20,581.1965,11623.93,1976.07,1090512990000000000
22583,201612,亿色ad Air/Air2/iPad Pro 9.7英寸钢化膜 苹果A,null,个,3,34.6166666666667,103.85,17.65,1090509000000000000
22583,201612,绿联0749 音频线一分二 AUX 3.5mm转2rca双莲花头 1,null,个,7,12.0357142857143,84.25,14.32,1090417000000000000
22583,201612,GoPro HERO 5 Black 运动摄像机 4K高清 语音控制,null,个,5,1921.794,9608.97,1633.52,1090622010000000000
22583,201612,罗技10 高清晰网络摄像头,null,个,1,119.66,119.66,20.34,1090511000000000000
93319,201701,卡前列素氨丁三醇注射液,1ML:250UG,支,200,360.1966,72039.32,12246.68,1070302030000000000
93653,201612,梅赛德斯-奔驰CLS320逸彩版,WDDLJ6CBXHA193618,辆,1,628012.31,628012.31,106762.09,1090305010000000000
22585,201702,嘉沛 机顶盒遥控器 TV-510 适用于上海东方有线数字电视机顶盒遥控器ETDV,null,个,11,19.6572727272727,216.23,36.76,1090421990000000000
22585,201702,索爱75 LED炫彩灯蓝牙音箱 便携插卡音响 低音炮 蓝牙4.0 黑色,null,个,1,120.51,120.51,20.49,1090519060000000000
22585,201702,ThinkPad 4X20H15595 65W 方口便携旅行电源适配器,null,个,1,153.85,153.85,26.15,1090512990000000000
22585,201702,胖虎汽车方向盘套 四季车内装饰用品 真皮黑红把套ph15007,null,个,1,41.03,41.03,6.98,1090310029900000000
22585,201702,香港进口 NISSIN 出前一丁五连包 辛辣XO海鲜味500g,null,个,6,16.0966666666667,96.58,16.42,1030203000000000000
22585,201702,金霸王电池1粒装,null,个,1,11.93,11.93,2.03,1090622020000000000
22585,201702,五羊抑菌洗衣液（1.2L+1L×3) 儿童宝宝洗衣液套装,null,个,37,29.4872972972973,1091.03,185.47,1070222010000000000
22585,201702,孩之宝金刚 玩具 经典（classic）加强级系列争吵（白黄）B4660,null,个,5,70.8,354.0,60.18,1060408030000000000
22585,201702,西门子01081CC122 开关插座 远景五孔带开关插座（彩银色）,null,个,13,15.8638461538462,206.23,35.06,1090407030000000000
22585,201702,得力151 便签纸/便签本/便利贴/百事贴/易事贴 (76×76mm) 4色装,null,个,210,5.98295238095238,1256.42,213.59,1060105990000000000
22585,201702,西蒙系列开关插座86型 单开双控开关 钢制底板J60201,null,个,1,13.83,13.83,2.35,1090603130000000000
22585,201702,海天 锦上鲜排骨酱 260g,null,个,2,5.985,11.97,2.03,1030206000000000000
22585,201702,优派U100 有线经济舒适型防溅水键盘USB（黑色）,null,个,27,18.8033333333333,507.69,86.31,1090512990000000000
22585,201702,玛雅 MAYA MIG 100U2BK 车载充电器 点烟器充电 2.1A 双US,null,个,1,22.21,22.21,3.78,1090407030000000000
22585,201702,迪士尼宝宝养霜（米奇）50g 宝宝护肤润肤霜 儿童面霜,null,个,2,26.275,52.55,8.93,1070223020000000000
22585,201702,邦克仕钢化玻璃屏幕保护膜 适用于5.5英寸苹果iPhone6 Plus/6s P,null,个,1,25.64,25.64,4.36,1060512990000000000
22585,201702,荣事达32A 养生煎药壶 养生壶 中药壶 电药锅 煎药器,null,个,19,73.5042105263158,1396.58,237.42,1090417030000000000
22585,201702,美即保湿补水面膜特惠装,null,个,1,57.26,57.26,9.73,1070223010000000000
22585,201702,华硕行堡垒产超越版FX53VD15.6英寸游戏笔记本电脑(i7处理器 8G 1T,null,个,28,6324.545,177087.26,30104.83,1090509010000000000
22585,201702,飞利浦061/00 Philips Viva Collection 玲珑煲 Ph,null,个,12,270.179166666667,3242.15,551.17,1090417010000000000
22585,201702,KOOLIFE 荣耀6 plus钢化膜玻璃膜 荣耀6Plus手机保护贴膜 适用于,null,个,2,7.69,15.38,2.62,1060512990000000000
22585,201702,三星GB OTG 手机U盘 USB/Micro 2.0/Type-C 三接口 雪,null,个,9,76.0688888888889,684.62,116.38,1090511040000000000
22585,201702,雷蛇aken Pro 北海巨妖专业版（黑色）2015款 游戏耳机,null,个,11,365.314545454545,4018.46,683.14,1090512000000000000
22585,201702,技嘉70N-Gaming 5主板 (Intel Z170/LGA 1151),null,个,1,1153.85,1153.85,196.15,1090512010000000000
22585,201702,RK ROYAL KLUDGE Pro104RGB版全彩背光式游戏机械键盘白色青,null,个,1,221.37,221.37,37.63,1090512990000000000
22585,201702,尚岛宜家 垃圾袋（120只）点段式,null,个,2,7.72,15.44,2.62,1060512990000000000
90026,201703,双道微量注射泵,佳士比TM F6型,台,1,3589.74,3589.74,610.26,1090245070000000000
94295,201704,桂枝-标准物质,0.5g,支,4,47.3075,189.23,32.17,1070214010000000000
21440,201704,皮带惰轮,23770AA020,件,1,108.57,108.57,18.46,1020304050607080901
21440,201704,水箱储液罐,45150AJ000,件,1,123.21,123.21,20.95,1020304050607080901
36462,201702,制动鼓,S1112030005165A0004,件,4,325.555,1302.22,221.38,1090310010500000000
36462,201702,离合总泵出油管总成,FV1163040003A0A9912,件,2,40.0,80.0,13.6,1090310011000000000
22587,201705,魔羯I转并口卡 MC1371 单并口 台式机LPT打印机口转接卡,null,个,3,40.17,120.51,20.49,1090512010000000000
22587,201705,十铨电压 DDR3 1600 8G 台式机内存,null,个,1,315.55,315.55,53.64,1090512010000000000
22587,201705,希腊 AGRIC阿格利司 特级初榨橄榄油 750ml,null,个,1,32.91,32.91,5.59,1030212990000000000
22587,201705,广博三联送货单销货单无碳复写 10本装 SJ7081,null,个,4,8.89,35.56,6.04,1060105990000000000
22586,201706,【京东超市】明德 宝宝爬行垫爬爬垫 全组合婴儿围栏PE拼接泡沫地垫 益智拼图,null,个,1,94.02,94.02,15.98,1050201050000000000
22586,201706,美菱(MeiLing) BCD-518WEC 518升 对开门冰箱 电脑控温 风冷无霜 节能保鲜 (,null,个,1,2537.61,2537.61,431.39,1090414010000000000
22586,201706,【京东超市】苏泊尔26cm好帮手炫彩不粘煎锅PJ26M4,null,个,1,55.56,55.56,9.45,1080422000000000000
22586,201706,胜为（shengwei）LC-2050G 超五类网线 8芯RJ45网络超5类网线 5米 百兆纯铜彩,null,个,4,6.41,25.64,4.36,1090407030000000000
22586,201706,B.O.W航世 HW098A 有线usb超薄键盘 金色,null,个,1,24.79,24.79,4.21,1090512990000000000
22586,201706,英特尔（Intel）奔腾双核G4600 盒装CPU处理器,null,个,1,505.56,505.56,85.95,1090509020000000000
22586,201706,超频三（PCCOOLER）东海X6 CPU散热器（多平台/支持AM4/1151/5热管/PWM温控/,null,个,23,93.0113043478261,2139.26,363.68,1090512990000000000
22586,201706,【京东超市】帝王（Dewar‘s）洋酒 15年调配苏格兰威士忌700ml,null,个,13,105.93,1377.09,234.11,1030306000000000000
22586,201706,海信（Hisense）1.5匹 一级能效 智能冷暖 直流变频 空调挂机 除甲醛（KFR-3,null,个,3,2768.37666666667,8305.13,1411.87,1090415010000000000
22586,201706,【京东超市】兰芝 （LANEIGE）水衡清盈精华水200ml（保湿补水 控油平衡 油性,null,个,1,131.41,131.41,22.34,1070223020000000000
22586,201706,雷柏（Rapoo） M350 无线鼠标 办公鼠标 笔记本鼠标 蓝色,null,个,5,51.288,256.44,43.6,1090512990000000000
22586,201706,【京东超市】朗瑞特（Lenrit）自发电无线家用门铃LR-3508不用电池智能老人呼,null,个,5,61.54,307.7,52.31,1090253110000000000
22586,201706,雷蛇（Razer）重装甲虫-大地-速度版-大号 游戏鼠标垫,null,个,1,72.65,72.65,12.35,1090512990000000000
22586,201706,【京东超市】乐扣乐扣(lock&lock)米桶 12升装（可容纳10kg大米）带滑轮赠送,null,个,5,61.206,306.03,52.02,1050201040000000000
22586,201706,联想(Lenovo)IdeaPad 100S固态硬盘版14.0英寸笔记本电脑(英特尔四核处理器N,null,个,2,2627.725,5255.45,893.43,1090509010000000000
22586,201706,【京东超市】清扬(CLEAR)净纯头皮专护 去屑洗发露 净漾水润750ml(无硅油)(洗,null,个,1,69.87,69.87,11.88,1070223010000000000
22586,201706,秋叶原（CHOSEAL）AV音视频连接线 三对三莲花头线 红白黄AV转接线 红白黄电,null,个,3,7.69333333333333,23.08,3.92,1090407030000000000
22586,201706,【京东超市】小鹿叮叮（DEERTING）超柔 纸尿裤 大号L120片【10-14kg】,null,个,2,100.0,200.0,34.0,1060105040000000000
22586,201706,威迅（VENTION）VAA-V05 HDMI转VGA转换器 高清转vga适配器 小米盒子接电视,null,个,4,21.71,86.84,14.76,1090421990000000000
22586,201706,TXL睿智C 智能电子静音懒人聪明灯自动感光闹钟贪睡温度 冰蓝,null,个,1,23.33,23.33,3.97,1090618030000000000
22586,201706,【京东超市】奥迪双钻（AULDEY）超级飞侠 儿童玩具男孩益智滑行飞机-小爱 7,null,个,1,23.31,23.31,3.96,1060408030000000000
22586,201706,迪比科（DBK）章鱼头手机支架 可爱造型 硅胶材质 百变手机支架,null,个,2,0.725,1.45,0.25,1090413029900000000
22586,201706,【京东超市】黑人（DARLIE）超白 牙膏 190g（新老包装随机发放）,null,个,1,12.29,12.29,2.09,1070224010000000000
22586,201706,嘉沛 WA-21015J 洗衣机进水管 全自动洗衣机进水软管 防爆 上水管 进水配件,null,个,1,16.24,16.24,2.76,1090421990000000000
22586,201706,【京东超市】曼秀雷敦（Mentholatum）护甲润手霜50g（护手霜 补水 保湿）,null,个,2,10.88,21.76,3.7,1070223020000000000
22586,201706,玛雅 MAYA 欧标美标德标转换插头套装 欧洲韩国德国泰国美国加拿大日本台湾旅,null,个,3,17.2133333333333,51.64,8.78,1090407030000000000
22586,201706,【京东超市】史努比（SNOOPY）办公保温杯水杯420ML可爱杯子情侣杯DP-58002H,null,个,6,18.8033333333333,112.82,19.18,1080115010000000000
22586,201706,山泽(SAMZHE)HQ-10 工程级HDMI数字高清线 3D功能 笔记本电脑接显示器/投影仪,null,个,2,65.07,130.14,22.12,1090407030000000000
22586,201706,【京东超市】竹之锦 毛巾家纺 竹纤维A类柔软吸水婴幼儿童双层纱布印花毛巾童,null,个,1,9.66,9.66,1.64,1040106020000000000
22586,201706,馨家港湾 温馨系列C款 壁挂式空调罩,null,个,21,38.1519047619048,801.19,136.2,1090421990000000000
22594,201711,优越者（UNITEK）usb延长线3.0 USB3.0公对母数据线1.5米 无线网卡键盘鼠标电脑u盘接口加长,null,个,2,15.895,31.79,5.41,1090407030000000000
22594,201711,御泥坊 海洋弹性蛋白矿物精华眼霜25g（提拉紧致 淡化细纹眼袋 眼部护理）,null,个,2,104.0,208.0,35.36,1070223020000000000
22594,201711,芝奇(G.SKILL) AEGIS系列 DDR4 2400频率 8G 台式机内存(黑红色),null,个,1,360.39,360.39,61.27,1090512010000000000
22594,201711,子初婴儿隔尿垫 防水透气新生儿床单儿童一次性床垫50片 33*45cm,null,个,16,20.17125,322.74,54.86,1060512990000000000
22594,201711,巴布豆（BOBDOG）超柔亲肤婴儿轻柔超薄纸尿裤（尿不湿）大包装加大号XL码66片【13Kg以上】,null,个,1,50.43,50.43,8.57,1060105040000000000
22594,201711,高洁丝 Kotex 夜用夜安裤裤型卫生巾M-L号5+1片 安心裤适合腰围【60cm-100cm】,null,个,8,18.65,149.2,25.36,1060105040000000000
22594,201711,齐心（COMIX）D6014 异形便利贴/便签纸/便签本/易事贴/百事贴 样式颜色随机,null,个,10,7.009,70.09,11.91,1060105990000000000
22594,201711,青苇 心形蜡烛玫瑰花瓣 结婚庆生日 情人节 求婚 浪漫组合套装 红色,null,个,2,17.095,34.19,5.81,1070299060000000000
22594,201711,日本进口 佳乐滋（Gaines）双层猫砂盆专用沸石猫砂 4L,null,个,5,63.248,316.24,53.76,1060513040000000000
22594,201711,赛拓（SANTO）0036 尼龙扎带100根装4.8*300mm 理线带扎线带,null,个,5,19.17,95.85,16.29,1050201990000000000
22594,201711,三能 蛋液刷 油刷 烧烤刷 木柄直形羊毛刷 烘焙工具SN4128,null,个,1,9.49,9.49,1.61,1060512990000000000
22594,201711,欣沁 旅行出差一次性防水马桶坐垫 待产入院包孕妇坐便垫6片装QL-51,null,个,9,3.33333333333333,30.0,5.1,1040303990000000000
22594,201711,扬子（YAIR）3匹 二级能效 定速 智能 无氟环保 冷暖 纯圆柱空调柜机 KFRd-72LW/(72W1601)a-,null,个,1,3951.34,3951.34,671.73,1090415010000000000
22594,201711,怡禾康 YH-999 颈椎按摩器按摩靠垫温热红光按摩枕,null,个,25,85.47,2136.75,363.25,1090419050000000000
22594,201711,樱花Sakura 防断自动活动铅笔芯（0.5）XK-5A#2H 0.5mm2H 活动铅芯 不易折断 书写顺滑,null,个,3,3.13666666666667,9.41,1.6,1060402010200000000
67135,201708,皮带惰轮,13073AA142,件,6,156.615,939.69,159.75,1090300000000000000
22602,201706,【京东超市】维他低糖柠檬茶250ml*16盒整箱,null,个,85,29.40223529,2499.19,424.86,1030307990000000000
76236,201707,配件,i2600,3件,null,null,1102.56,187.44,1090627990000000000
36463,201707,左外后视镜总成(雾影白),FK1821010005A02EA1293,件,10,143.282,1432.82,243.58,1090310019900000000
22596,201710,电装 DENSO 汽车氟利昂冷媒制冷剂氟油 HFC-134A 汽车空调,null,个,2,20.53,41.06,6.98,1090310029900000000
22596,201710,特美刻 玻璃杯刷 赠品 （颜色随机） 单拍无效,null,个,7,2.56285714285714,17.94,3.05,1080115010000000000
22596,201710,花王乐而雅薄特长日用护翼型卫生巾25cm17片,null,个,4,20.5175,82.07,13.95,1060105040000000000
22596,201710,伊蒂之屋眉笔0.26g #05 浅灰色（双头 防水 防汗 防晕染 ),null,个,2,18.59,37.18,6.32,1070223040000000000
22596,201710,绿之源无火藤条香薰精油套装 干花熏香厕所除臭室内房间卧室香水去异味 多,null,个,2,47.18,94.36,16.04,1070299060000000000
22596,201710,THERMOS膳魔师焖烧罐470ml高真空不锈钢食物罐SK-3000,null,个,1,142.12,142.12,24.16,1080115010000000000
22596,201710,派滋 小米5splus手机壳 小M5S Plus手机壳 硅胶全包防摔软,null,个,1,7.69,7.69,1.31,1060512990000000000
22596,201710,车之吻 车家两用U型枕 头枕 旅行枕 慢回弹护颈枕 灰色,null,个,1,16.15,16.15,2.75,1040105070000000000
22596,201710,绍泽文化 升级版把式儿童学生正姿握笔器 笔套铅笔钢笔矫正器,null,个,3,5.98333333333333,17.95,3.05,1060401990000000000
22596,201710,绘威 LT2441/2641硒鼓+墨粉盒套装(适用联想LJ2400 L,null,个,1,160.68,160.68,27.32,1090512990000000000
22596,201710,维达 去菌36计限量版礼盒装（100片湿巾加赠一本漫画书）,null,个,3,23.8466666666667,71.54,12.16,1060102030000000000
22596,201710,朗科G Class10手机内存卡TF(micro-SD)卡行车记录仪存,null,个,2,37.34,74.68,12.7,1090622020000000000
22596,201710,优越者分线器 高速一拖四多接口 0.8米 笔记本台式电脑4口集线器HU,null,个,4,12.1375,48.55,8.25,1090407030000000000
22596,201710,乐扣乐扣杯 LHC4014R（330ml）红色,null,个,1,35.08,35.08,5.96,1080115010000000000
22596,201710,3M 思高 手套 薄巧型家务手套 大号 橡胶手套 黄色果味,null,个,6,9.91333333333333,59.48,10.11,1060512040000000000
22596,201710,雷柏500S合金版 混彩背光游戏机械键盘 背光键盘 游戏键盘 电脑键盘,null,个,2,111.375,222.75,37.87,1090512990000000000
22596,201710,Apple iPhone 7 Plus 机,null,个,57,5621.10894736842,320403.21,54468.54,1090505010000000000
22596,201710,雷蛇狼蛛幻彩版 键盘 绝地求生吃鸡键盘,null,个,2,444.445,888.89,151.11,1090512990000000000
22596,201710,BIAZE 苹果8/7/6数据线 1米 白+5V/1A手机/平板充电器,null,个,8,16.795,134.36,22.84,1090505020000000000
22596,201710,美乐棵 通用型营养液250ML/瓶 家庭园艺种植肥料 办公室阳台桌面盆,null,个,1,12.82,12.82,2.18,1070205030000000000
22596,201710,CK卡文克莱MAL系列情侣表女表黑盘黑色皮带钻刻度石英表K3M231C,null,个,1,1237.57,1237.57,210.39,1090618030000000000
22596,201710,美源快速黑发霜881s 天然黑色（染发膏两套 + 染发梳*1）（植物精,null,个,1,33.13,33.13,5.63,1070223030000000000
22596,201710,FlameFighter 干粉灭火器 消防器材 500g蓝色,null,个,1,22.69,22.69,3.86,1090253020000000000
22596,201710,米其林 4360ML 数显 可测胎纹 背光显示,null,个,1,57.28,57.28,9.74,1090310019900000000
22596,201710,北美电器自动家用 彩钢全新升级款AB-DCN03,null,个,1,217.1,217.1,36.91,1090417020000000000
22596,201710,赛鲸 常青藤 手机支架懒人支架 床上床头支架 万向调节 85CM 太空,null,个,6,14.615,87.69,14.91,1060512990000000000
22596,201710,德尔玛E 吸尘器家用无耗材卧式吸尘器,null,个,1,205.13,205.13,34.87,1090418050000000000
22596,201710,索爱518 无线便携扩音器 小蜜蜂教师导游专用腰挂大功率教学 睿智黑,null,个,1,71.79,71.79,12.2,1090519060000000000
22596,201710,九阳煲5L电饭锅智能预约JYF-50FS69,null,个,2,189.745,379.49,64.51,1090417010000000000
22596,201710,迅捷150US 迷你USB无线网卡 台式机笔记本随身wifi接收器,null,个,5,14.53,72.65,12.35,1090510030000000000
22595,201710,飞雕电缆 BVVB2*1.5平方 国标家用2芯硬护套铜芯电线 100米,null,个,1,191.49,191.49,32.55,1090409990000000000
22595,201710,现代JC-8213 头戴式线控简约耳麦 游戏耳机 黑色 绝地求生耳机吃,null,个,1,10.26,10.26,1.74,1090519060000000000
22595,201710,飞利浦架 电视支架 家电配件 电视架 固定挂架（32-56英寸）SQM,null,个,8,52.66625,421.33,71.63,1090421990000000000
22595,201710,小熊饭盒 加热饭盒密封 不锈钢 DFH-S2016 1.3L,null,个,1,58.12,58.12,9.88,1090417020000000000
22595,201710,华擎科技-G/3.1主板 （ AMD 970 / Socket AM3,null,个,1,440.17,440.17,74.83,1090512010000000000
22595,201710,晨光L97613毕加索美术专用油画绘画颜料12色/盒12ml,null,个,1,16.75,16.75,2.85,1060401120000000000
22595,201710,齐心0个装 55mm牢固耐用粘扣档案盒/A4文件盒/资料盒 A1249,null,个,2,65.81,131.62,22.38,1060105020000000000
22595,201710,惠泽热硅脂显卡散热膏硅胶 (HZC-PC450),null,个,4,5.555,22.22,3.78,1090512990000000000
22595,201710,广博只*3卷加厚中号垃圾袋45*55cm黑色QJ9101,null,个,11,7.05090909090909,77.56,13.19,1060401990000000000
22595,201710,台电 U盘 8G 时尚呼吸灯 紫色,null,个,116,23.0744827586207,2676.64,455.03,1090511040000000000
22595,201710,天堂 夜光型双层雨衣套装N211-7AX藏青色XXL,null,个,1,55.56,55.56,9.45,1060512050000000000
22595,201710,幼儿系列 雷达 杀虫气雾剂 驱虫,null,个,3,16.74,50.22,8.54,1070299990000000000
22595,201710,山泽L-8310 3.5mm高级立体声手机车载AUX音频线 纯铜线芯,null,个,4,5.9,23.6,4.01,1090407030000000000
22595,201710,gb好孩子好孩子硅胶围兜,null,个,1,23.93,23.93,4.07,1070508040000000000
88246,201709,高精度夹套,NBC10-8,个,1,272.56,272.56,46.34,1080403010000000000
21045,201710,杭州单乘务员座椅头套,ACT1401130,EA,2,54.2735042735043,108.55,18.45,1040106050000000000
55570,201706,盖土网,null,平米,10000,0.854700854700855,8547.01,1452.99,1040109010000000000
48791,201711,分散剂,null,kg,25,51.2820512820513,1282.05,217.95,1070219010000000000
30756,201704,羊毛毡,1300*1000*20,块,60,209.401709401709,12564.1,2135.9,1040107010000000000
53453,201701,油门线,29,条,50,2.47863247863248,123.93,21.07,1090312010000000000
90734,201703,持针钳,16cm细针,把,5,30.1709401709402,150.85,25.65,1090245060000000000
53535,201707,联轴器,万向轴,颗,20,222.222222222222,4444.44,755.56,1090124070000000000
48866,201707,低密度聚乙烯,2426H-榆林,吨,80,8153.84615384615,652307.69,110892.31,1070213019900000000
30660,201706,道路修复及绿化恢复工程,null,null,null,null,915597.41,1335.34,2010500000000000000
30577,201611,住宿费,null,null,1,133.980582524272,133.98,4.02,3070402000000000000
73136,201611,玉米,null,吨,56.4,1769.91150442478,99823.01,12976.99,1010101030000000000
63748,201710,螺纹塞规,8*1.25_7H,付,5,18.02,90.1,15.32,1080403010000000000
71915,201702,B2开关总成(中配/黑灰),1.578E+12,PC,40,44.9063,1796.25,305.36,1090310011000000000
97154,201708,代理文件处理费,null,null,null,null,188.68,11.32,3040802010100000000
19871,201709,热轧钢卷,5.5*1500*C,吨,147.9,3635.1286004057,537635.52,91398.04,1080207990000000000
73712,201706,水平发泡机,null,套,0.0125,683760.68,8547.01,1452.99,1099900000000000000
75650,201703,硫酸铜,null,千克,25,15.3846153846154,384.62,65.38,1070299990000000000
33983,201703,松下空调,CU-A9B08,件,25,1173.547008547,29338.68,4987.57,1090421010000000000
90197,201611,浮球液位变送器,UHZ-233SD-2650,台,3,2179.48717948718,6538.46,1111.54,1090602040000000000
35885,201611,甲醇,净水,吨,500,1893.16239316239,946581.2,160918.8,1070299990000000000
93738,201612,外圆粗镗刀再研3255-248,D100.4*30°*C0.1（ RT-010）,支,1,386.324786324786,386.32,65.68,1080403010000000000
21373,201611,住宿服务,null,null,null,null,356.6,21.4,3070402000000000000
31364,201701,兰蔻新菁纯柔润丝绒唇膏 198 3.4g,3.4G,支,30,189.231,5676.93,965.08,1070223020000000000
90031,201612,持针钳 16cm细针,J32050,把,200,32.49,6498.0,1104.66,1090245000000000000
95814,201612,刀片,VNMG160408VF CA5525,片,150,20.4615384615385,3069.23,521.77,1080403010000000000
72148,201612,线束,4080049620,个,9000,7.84,70560.0,11995.2,1090310010000000000
49807,201701,肿瘤标志物质控品,11776452122,件,20,1623.9325,32478.65,5521.35,1070307090000000000
88956,201701,球包,null,个,7,0.638583638583638,4.47,0.76,1060406080000000000
72149,201704,三坐标移机服务,DURMAX500,次,2,4198.11320754717,8396.23,503.77,3040201030000000000
40265,201702,得力（deli）33223 A4抽杆文件夹/报告夹套装 10个/袋 （白）,null,null,null,null,-68.55,-11.65,1060105020000000000
50261,201702,WMW182 86型音响信号插座（2端,WMW182,个,5,13.094,65.47,11.13,1090424020000000000
21212,201705,【京东超市】福临门 东北大米 水晶米 中粮出品 大米5kg,水晶米,个,2,26.02,52.04,6.76,1090310019900000000
55552,201707,HRB400,8m,吨,30,3207.97435897436,96239.23,16360.67,1080401010000000000
25805,201705,铝片,4.6*170,kg,282,14.7769230769231,4167.09,708.41,1080316010000000000
72427,201704,阿玛尼挚爱唇膏 300 4g,null,null,null,null,-16.09,-2.74,1070223020000000000
88577,201705,燕京大粒纳豆50g*3,null,1HE,72,2.56416667,184.62,31.39,1030203030000000000
72507,201704,苏菲娜芯美颜日间倍防护乳液(清爽型),null,个,1,162.4,162.4,27.61,1070223020000000000
72507,201704,苏菲娜芯美颜日间倍防护乳液(清爽型),null,个,3,162.396666666667,487.19,82.82,1070223020000000000
35911,201708,金属膜加工处理,顶针,台,92,51.2820512820513,4717.95,802.05,2010500000000000000
90792,201705,花型胶柄  螺丝刀柄T20X100mm,S056306B,套,576,1.58974358974359,915.69,155.67,1080403020000000000
35751,201707,咨询服务费,null,null,null,null,9433.96,566.04,3040603000000000000
19611,201705,轴承,6806ZZ,件,6,59.8290598290598,358.97,61.03,1090221050000000000
93193,201709,金属锁定接骨板钉系统,SDLD01 5.0*36,个,10,315.077,3150.77,535.63,1070308010000000000
33523,201707,左前风档空气室隔板,5304017BA-A01,件,300,3.37606837606838,1012.82,172.18,1070601990000000000
35914,201706,接头,M8K3,只,90,10.6837606837607,961.54,163.46,1090409050000000000
35908,201706,门扣板,B007837-00,件,1,5.98290598290598,5.98,1.02,1090137020000000000
54829,201710,配件,控制变压器 6HG.174.015 LGK8-40/100,pcs,1,138.89,138.89,23.61,1090110040000000000
42706,201705,FC-S251氟碳面漆,null,KG,600,67.008547008547,40205.13,6834.87,1070208010000000000
28811,201709,芯片,8023,片,500,1.4957264957265,747.86,127.14,1090603130000000000
90085,201706,翼子板,32D 821 021,ST,1,570.0,570.0,96.9,1090310019900000000
47458,201709,成型刀,T05-F-3.5*5.5,支,14,323.076923076923,4523.08,768.92,1080403990000000000
52168,201707,飞利浦（PHILIPS）升级新结构4位全长3米插座 分控/阻燃/节能一体芯 插排插线板/接线板/拖线板 SPS3,SPS3431C/93,个,2,34.015,68.03,11.57,1070101990000000000
73763,201710,手球,34910SN100,PC,120,51.75,6210.0,1055.7,1060406010000000000
31062,201707,运费,null,null,null,null,2136.75,363.25,1080110010000000000
71238,201707,F21-DNM-SP15-L16,null,枚,3100,0.08974358974359,278.21,47.29,1060105070000000000
35893,201708,减振器(6541263110),RB1007,件,50,85.47,4273.5,726.5,1090120030000000000
32820,201708,短袖衬衫,S-XXXL,件,99,135.042735042735,13369.23,2272.77,1040201080000000000
88578,201709,三全一碗饭自加热梅菜扣肉饭375g,null,1HE,24,10.48083333,251.54,42.76,1030203030000000000
67074,201707,咨询服务费,null,null,1,9905.66037735849,9905.66,594.34,3040603000000000000
68010,201710,左前翼子板装饰板,05178151AD,个,1,43.1196581197,43.12,7.33,1010101000000000000
95975,201709,A7075铝材,null,kg,46.6,66.6666666666667,3106.67,528.13,1080316010000000000
72518,201708,欧舒丹玫瑰皇后润肤露 75ML,24LC075R15,PC,12,255.32916667,3063.95,520.87,1070223000000000000
19757,201708,聚乙烯,2102TX00,吨,8.25,8717.94871794872,71923.08,12226.92,1070602010000000000
35883,201709,【京东超市】美厨（maxcook）不锈钢碗 汤碗面碗6只装12cm 加厚双层隔热 MCWA-011 防烫 耐摔,不锈钢碗,个,2,47.78,95.56,16.24,1030111070000000000
56260,201709,护套线,RVV 4*0.3,卷,5,110.452991452991,552.26,93.89,1090409040000000000
67119,201709,800克菌菇三鲜手工水饺8X40,null,null,null,null,-52.08,-8.85,1030203020000000000
64997,201711,控制柜,LEC-2ACP-1.1,台,1,161.28,161.28,27.42,1090117010000000000
76933,201711,外螺纹锻钢截止止回阀,GB1241-83 40010,只,1,65.8119658119658,65.81,11.19,1090321030000000000
37519,201711,四轴线材,电柜段,条,5,222.222222222222,1111.11,188.89,1099900000000000000
36747,201709,丙烯酸树脂CH-380,200KG/桶,公斤,4000,18.911965,75647.86,12860.14,1070602990000000000
56288,201711,后尾灯座,null,个,10,199.786324786325,1997.86,339.64,1090310029900000000
21692,201711,接插件,2232342-1,K,90,74.3589743589744,6692.31,1137.69,1090519080000000000
67110,201611,饮料,null,箱,20,1068.37606837607,21367.52,3632.48,1030212020000000000
30903,201704,P550冰红15入SP,15入,箱,3000,16.57265,49717.95,8452.05,1030307050000000000
21002,201701,垫圈,20 A2,只,136,0.507667169431875,69.04,11.74,1090125000000000000
48022,201701,再制造发电机,null,台,30,231.623931623932,6948.72,1181.28,2020000000000000000
95623,201611,涤纶丝,300D,千克,9201.6,8.13675730512821,74871.19,12728.1,1070403020000000000
97829,201706,后保险杠护杠（1）,JTJP-2804000001-T22-27093,只,15,119.658,1794.87,305.13,1090310019900000000
92544,201706,星型联轴器,XL5,套,11,136.752136752137,1504.27,255.73,1090124070000000000
48443,201706,预应力混凝土用钢绞线,1*7-15.20mm,吨,0.342,3867.52136752137,1322.69,224.86,1080412010000000000
28474,201701,K25310B5100,散热器,EA,1,628.0,628.0,106.76,1090310019900000000
20867,201710,轴承,HK0810-2RS,PCS,10000,1.28205128205128,12820.51,2179.49,1090102010000000000
17626,201710,电动推杆,ML8-ML12,套,82,273.931623931624,22462.39,3818.61,1090403990000000000
42747,201704,牛皮纸,150g,令,8,474.358974358974,3794.87,645.13,1060101060000000000
30581,201701,电容,0603223K/50V,千个,4,20.0,80.0,13.6,1090519080000000000
55418,201701,2017小熊维尼春款X7117大红150,150,双,2,47.2735042735043,94.55,16.07,1040201240000000000
55418,201701,贝兜牛肉番茄营养小米米粉,400g,听,6,49.4017094017094,296.41,50.39,1030101990000000000
60356,201705,夏普彩电爱奇艺会员1,null,null,null,null,474.13,28.45,1090522050000000000
26397,201703,垫板,43*49,张,1000,8.54700854700855,8547.01,1452.99,1090199000000000000
90195,201703,镀锌扁钢,40*4,米,30,6.83760683760684,205.13,34.87,1099900000000000000
95730,201708,调节器,A20-209Y,只,240,34.1880341880342,8205.13,1394.87,1090417990000000000
76347,201710,铅芯,木工,千克,153000,5.12820512820513,784615.38,133384.62,1060402020000000000
43051,201709,压敏电阻07K-510V-±10％-IC3.0-山蒲,MYG07K,万只,0.4,683.75,273.5,46.5,1090232070000000000
27374,201705,金刚滚轮,W-022-JG01-588-1,只,1,3067.52136752137,3067.52,521.48,1080128040000000000
94160,201706,电子元件（基座）,3225XP,个,1000000,0.081,81000.0,13770.0,1090519080000000000
89805,201703,Apple iPhone 7 Plus 128GB 红色 移动联,null,null,null,null,5789.22,984.17,1090505010000000000
89267,201701,电涌保护器,XLS-4P 40-80KA,只,4,97.2222222222222,388.89,66.11,1090407020000000000
48204,201703,水箱框架,RF（H1）,只,15,188.034188034188,2820.51,479.49,1090310019900000000
26359,201612,水冷螺杆式冷水机组,RTHD-D1G1G1,台,2,416153.846153846,832307.69,141492.31,1090131030000000000
59552,201706,轴承,UCT206,套,2,81.1965811965812,162.39,27.61,1090123010000000000
28158,201612,无石棉离合器面片 B-8805,258.00/175.00/3.50,片,214,24.5,5243.0,891.31,1080124020000000000
16133,201704,热浸镀锌钢卷:一级,3.000*1250.0,公斤,11155,4.29230769230769,47880.69,8139.72,1080207110000000000
89216,201707,棉质巢全棉印花单人床单-多彩条160*230cm,null,条,5,48.7179487179487,243.59,41.41,1040101050000000000
34009,201702,铝管1050AF,50*2.5,公斤,198,14.4273504273504,2856.62,485.62,1080316010000000000
45971,201706,"6""深圆盘",C500501,个,900,3.82716049382051,3444.44,585.56,1070601120000000000
60354,201706,黑人（DARLIE）,null,null,null,null,35.18,5.98,1060512020000000000
60354,201706,惠而浦洗衣机WB30,null,null,null,null,1261.4,214.44,1090418000000000000
60354,201706,Apple iPho,null,null,null,null,2218.87,377.21,1090505010000000000
60354,201706,Tempo/得宝 抽,null,null,null,null,24.24,4.12,1060105040000000000
60354,201706,美丽雅保鲜膜30米x,null,null,null,null,13.82,2.35,1070601010200000000
60354,201706,超威植物艾草清香型电,null,null,null,null,12.58,2.14,1070302140000000000
60354,201706,【苏宁易购超市】蒙牛,null,null,null,null,30.76,5.23,1030307990000000000
60354,201706,夏普彩电LCD-45,null,null,null,null,1192.07,202.65,1090522010000000000
60354,201706,诺基亚手机105（蓝,null,null,null,null,108.23,18.4,1090505010000000000
60354,201706,日本花王（Merri,null,null,null,null,83.76,14.24,1060105040000000000
60354,201706,蓝月亮 手洗专用洗衣,null,null,null,null,13.36,2.27,1070222020000000000
60354,201706,力士娇肤香皂恒久嫩肤,null,null,null,null,9.33,1.59,1070222010000000000
60354,201706,小天鹅洗衣机TB80,null,null,null,null,2260.36,384.26,1090418000000000000
60354,201706,荣耀V9全网通（4+,null,null,null,null,2187.59,371.89,1090505010000000000
60354,201706,清风 抽纸 淡绿花2,null,null,null,null,34.15,5.81,1060105040000000000
60354,201706,美的(Midea)W,null,null,null,null,226.01,38.42,1090417010000000000
60354,201706,妮维雅男士水活多效洁,null,null,null,null,17.44,2.96,1070223010000000000
60354,201706,惠而浦空调 ISH-,null,null,null,null,1815.04,308.56,1090415010000000000
60354,201706,小米（MI）便携鼠标,null,null,null,null,75.45,12.83,1090512990000000000
60354,201706,华为麦芒5（MLA-,null,null,null,null,1659.57,282.13,1090505010000000000
60354,201706,好奇(Huggies,null,null,null,null,103.7,17.63,1060105040000000000
60354,201706,大金空调ATXR23,null,null,null,null,4380.43,744.67,1090415010000000000
60355,201708,TCL电视 L32P,null,null,null,null,1271.23,216.11,1090522010000000000
60355,201708,老板嵌入式燃气灶JZ,null,null,null,null,4666.76,793.35,1090422010000000000
21633,201708,厄贝沙坦氢氯噻嗪片,150mg:12.5mg*7片,盒,6000,15.23077,91384.62,15535.38,1070302050000000000
63974,201707,刻度盘,25040128(254004) 游尺盘,只,10,37.6068376068376,376.07,63.93,1080499000000000000
40530,201710,20夹箍,null,只,10000,0.128205128205128,1282.05,217.95,1080414040000000000
28367,201710,涤纶面料,null,米,166,8.97435897435897,1489.74,253.26,1040101050000000000
29284,201708,住宿费,null,null,null,null,554.72,33.28,3070402000000000000
35766,201707,住宿费,null,null,null,null,582.52,17.48,3070401000000000000
38674,201708,小缸费,null,只,4,256.410256410256,1025.64,174.36,1070214060000000000
73581,201708,环标刻度吸管A,1ml,支,100,4.64957264957265,464.96,79.04,1080112990000000000
52028,201709,派尼尔拍纸本,142*203,本,160,0.623931623931624,99.83,16.97,1060105990000000000
96824,201707,荣威PDQ P-14740-A-74-01白色五层箱,null,只,5,13.5871794871795,67.94,11.55,1060105990000000000
16739,201704,铝合金,2024-T351 30*120*425-27P 490615540,kg,122.85,43.1624279487527,5302.5,901.43,1080316010000000000
49175,201707,汽车外胎,null,null,null,null,-1675.22,-284.79,1070501010000000000
29345,201710,色丁上浆布,null,米,949,4.1025641025641,3893.33,661.87,1040101050000000000
95939,201711,六片组合模,S7.78,只,2,632.478632478632,1264.96,215.04,1090211020000000000
88433,201710,钢管,null,吨,20.454,4640.99137610431,94926.84,16137.56,1080207130000000000
16648,201708,控制附件,H2U-CAN-BD,件,11,85.47,940.17,159.83,1090404030000000000
95093,201711,15030床尾网,3010404120,个,985,17.7350427350427,17469.02,2969.73,2010500000000000000
55419,201709,富达尔过家家玩具迷你家电系列（5款 FDE322）,null,个,30,107.649287777778,3229.48,549.01,1060408990000000000
55419,201709,富达尔趣味医疗箱FDE350,详见标识,个,16,93.5470085470085,1496.75,254.45,1060408990000000000
55419,201709,富达尔趣味医疗箱FDE350,详见标识,个,96,79.4869123931624,7630.74,1297.23,1060408990000000000
55419,201709,富达尔过家家玩具迷你家电系列（5款 FDE322）,null,个,15,15.4700854700855,232.05,39.45,1060408990000000000
55419,201709,冬己厨具套装FDE359,FDE359,盒,5,32.4786324786325,162.39,27.61,1050108010000000000
55419,201709,冬己喇叭FDE623,null,件,8,14.0544871794872,112.44,19.11,1060408990000000000
55419,201709,冬己 9CM冬己娃娃FDE0901,详见标识,个,12,41.3675213675214,496.41,84.39,1060408030000000000
55419,201709,冬己18cm小熊娃娃FDE1806,详见标识,个,3,70.039886042735,210.12,35.72,1060408030000000000
55419,201709,冬己甜品屋FDE328,FDE328,盒,66,23.034188034188,1520.26,258.44,1060408990000000000
55419,201709,冬己小提琴,null,null,null,null,-83.4,-14.18,1060408990000000000
27338,201710,胶条,DW520A,副,5,76.0683760683761,380.34,64.66,1099900000000000000
20741,201703,500ml*6 西塘1618手工纯酿黄酒（红标）,null,null,null,null,-35606.67,-6053.14,1030304000000000000
81106,201702,小黄人4+1可擦中性笔JL-ZB8703,null,null,null,null,-72.6,-12.34,1060402010600000000
18208,201709,基础电信服务,1,1,1,32.12,32.12,3.53,3030100000000000000
74903,201612,XF40622AQA001 编码器连接轴,null,PC,23,25.5,586.5,99.71,1090108020000000000
29402,201706,040003314 衬片,Orca,件,101,6.6018,666.78,113.35,1090137020000000000
80037,201611,儿童咳液,10ml×10×60盒,盒,120,21.36752136752137,2564.1,435.9,1070302130000000000
18946,201708,修理费,特里同塘鹅,null,null,null,1668.38,283.62,1020401010000000000
9561,201708,面料,LY02046,米,4800,58.97435897435897,283076.92,48123.08,1040102040000000000
67025,201701,洗衣机配件,null,PCS,1356,7.456571615863651,10111.11,1718.89,1070601100000000000
1519,201612,宝骏汽车,null,辆,1,39145.29914529915,39145.3,6654.7,2010500000000000000
13128,201701,中性笔,null,支,7630,0.560092303211569,4273.5,726.5,1060402010600000000
42236,201703,信息技术服务,1,1,1,1.25,1.25,0.08,3040201030000000000
31647,201705,电线,BVR-4,卷,4,247.86324786324786,991.45,168.55,1090409020000000000
82747,201611,消防泵,XBD4.8/2.3-50L  4KW,台,4,799.1452991452992,3196.58,543.42,1090117010000000000
73468,201701,鞋底,null,双,8500,8.547008547008547,72649.57,12350.43,1040204030000000000
87479,201703,聚丙烯,TF400,吨,5,7777.777777777777,38888.89,6611.11,1070601060000000000
6286,201709,皮带,null,条,2200,6.666666666666667,14666.67,2493.33,1040305990000000000
48638,201705,爬梯,null,个,48,168.97435897435898,8110.77,1378.83,1080417000000000000
68787,201705,中空棉盖被,null,条,900,52.598290598290596,47338.46,8047.54,1040101050000000000
53237,201706,窑尾改布袋除尘器,JPF705-2X6,台,0.4,2664850.4273504275,1065940.17,181209.83,1099900000000000000
62147,201612,钢板,Feb-37,块,92,7.179487179487179,660.51,112.29,1080207070000000000
67384,201611,聚乙二醇,PEG-400,吨,0.2,9401.709401709402,1880.34,319.66,1070222030000000000
86112,201701,传感器,512169,只,100,4.102564102564103,410.26,69.74,1090520000000000000
10941,201611,磁芯泡沫盒,null,张,3000,0.299145299145299,897.44,152.56,1070601070000000000
66278,201611,魅族  M681C,null,台,110,854.7008547008547,94017.09,15982.91,1090505020000000000
86746,201701,蓝月亮丝毛净,500ml,瓶,75,11.538461538461538,865.38,147.12,1070222020000000000
4934,201611,光亮剂,null,公斤,200,11.11111111111111,2222.22,377.78,1070215070000000000
34261,201612,丝扣安全阀,DN50,台,1,102.56410256410257,102.56,17.44,1090136010000000000
50195,201612,台式电子秤,100KG,台,2,333.3333333333333,666.67,113.33,1080417000000000000
50663,201705,电力,null,千瓦时,5275,0.778267104143881,4105.36,697.91,1100101020100000000
35213,201708,电风扇,null,台,8,76.06837606837607,608.55,103.45,1090416010000000000
40742,201611,贴片二极管,1N4148W  T4,只,6000,0.042735042735043,256.41,43.59,1070218090000000000
47488,201612,快件费,null,null,null,null,44023.58,2641.42,3040407030000000000
24194,201611,脚轮,3683-77,只,8,12.297008547008547,98.38,16.72,1090328030000000000
60877,201611,挖掘机座板,20*105*105,PCS,66,9.4188,621.64,105.68,1090199000000000000
59206,201704,普门袋香,PM-T117T,束,30000,0.256410256410256,7692.31,1307.69,1060512990000000000
29861,201612,三芯蛇头电源线,3*0.5*3,根,10050,4.017093532338308,40371.79,6863.2,1090409020000000000
34544,201612,过滤器,HW304A,台,1,162.94871794871796,162.95,27.7,109013001
83877,201705,机关室内辅机台,null,KG,1769.61,7.5,13272.08,2256.25,2010500000000000000
49048,201612,不锈钢元钢0CR18NI9,Ф90,吨,8.704,11965.811965811965,104150.43,17705.57,1080207040000000000
57725,201708,木制玩具,null,套,3238,26.581196581196583,86069.91,14631.89,1060408050000000000
58625,201707,国产橡胶木料,null,立方米,30,2991.453,89743.59,15256.41,1050101010000000000
74963,201710,纸箱,null,只,12500,6.837606837606838,85470.09,14529.91,1060102040000000000
92926,201705,农夫山泉天然水4L1*4,1*4,箱,50,19.6582,982.91,167.09,1030307040000000000
24490,201612,梳子,1653366,套,10,89.22222222222223,892.22,151.68,1070508040000000000
25145,201701,空气导管,L3C8 121 330 B,null,1,9.4,9.4,1.6,2020000000000000000
47390,201704,活门机构,5XS.320.012,套,2,247.86324786324786,495.73,84.27,1090408060000000000
66169,201612,公园桌,null,件,132,76.06837606837607,10041.03,1706.97,1050201040000000000
41502,201612,高蛋白高钙脱脂奶粉1x24x400g,null,null,null,null,-26.39,-4.49,1030204020000000000
54856,201611,纸箱,null,只,3333,5.128205128205128,17092.31,2905.69,1060105010000000000
8257,201611,轴承,6305-2RZ,套,1900,7.264957264957265,13803.42,2346.58,1090123010000000000
73455,201701,香烤小黄鱼,null,KG,1,43.65518,43.66,7.42,1030199000000000000
86425,201612,不锈钢元钢0Cr18Ni9,φ130,吨,8.82,10940.17094017094,96492.31,16403.69,1080207990000000000
27856,201612,车用柴油（V）,0号,升,343.0531732,4.982905982905983,1709.4,290.6,1070101030000000000
8809,201703,紧固件,16*30*3平垫,只,100,0.102564102564103,10.26,1.74,1080401010000000000
72281,201701,印刷品,null,批,1,85470.08547008547,85470.09,14529.91,1060201030000000000
74776,201612,气室皮碗,null,个,2000,4.764957264957265,9529.91,1620.09,1070213020000000000
47149,201702,铜套,null,kg,634.2,74.4312101927996,47204.27,8024.73,1090136030000000000
21960,201612,锁块,WFTB09-02-01,件,2,114.53,229.06,38.94,1090123030000000000
63215,201708,箱包,null,个,1271,66.16600429031585,84096.99,14296.49,1070601080000000000
70112,201702,DSNXB3616-6  语文簿,null,4本/包,80,2.136666666666667,170.93,29.06,1060202010000000000
61880,201704,伸缩护罩,MV-1600B,台,1,8738.1,8738.1,1485.48,1090109000000000000
61884,201612,十字槽一字螺丝,4*14,千件,300,17.094017094017094,5128.21,871.79,1080417000000000000
83006,201703,外轮加工费,PT HOW1004,只,351,3.487179487179487,1224.0,208.08,2010500000000000000
87440,201702,茶咖风味饮料400ml(1*15),1*15,EA,350,16.6666571428571,5833.33,991.67,1030307050000000000
93779,201611,绵羊革,F,SF,4127.4,14.52991452991453,59970.77,10195.03,1040302010000000000
55429,201701,宠物用品（化纤制狗咬物）,null,个,660,6.863506863506863,4529.91,770.09,1060513040000000000
7362,201702,FF玉米粒(哈立克) 1kg,null,袋,10,14.127433628318585,141.27,18.37,1010101060000000000
36418,201704,房屋租金,null,null,null,null,16666.67,833.33,3040502029902000000
19112,201704,烫纸,null,卷,30,39.82905982905983,1194.87,203.13,1070602990000000000
15123,201707,磁粉,FA-700K,吨,5,6623.931623931624,33119.66,5630.34,1070213080000000000
88947,201706,电力,null,千瓦时,263,0.697946768060837,183.56,31.2,1100101020100000000
27966,201704,003泡沫角,null,只,33600,0.427350427350427,14358.97,2441.03,1070601070000000000
48787,201611,钢管,16*0.7*5.3,吨,0.46,3393.162393162393,1560.85,265.35,1080207130000000000
74285,201705,汽油92#,null,吨,23.23,4303.418803418804,99968.42,16994.63,1070101010200000000
62200,201703,球阀,Q41F-16C-DN25,台,5,111.11111111111111,555.56,94.44,1090119010000000000
87474,201612,休闲裤,341160612,件,193,121.36752136752136,23423.93,3982.07,1040201140000000000
57251,201704,右排水管,P01T027072,件,344,5.805982905982906,1997.26,339.53,1080414010000000000
57242,201611,行程开关,TZ-8108,只,20,20.358974358974358,407.18,69.22,1090407020000000000
85593,201704,机用丝锥,M8,支,35,6.777777777777778,237.22,40.33,1080403010000000000
16679,201704,弹线（4）,65mn*1.8镀彩锌,只,936,0.076923076923077,72.0,12.24,1050202040000000000
74538,201612,染色加工费,null,米,2241,1.717948717948718,3849.92,654.49,1040101060000000000
26189,201611,一开二三插,null,只,50,7.692307692307692,384.62,65.38,1090407030000000000
7565,201611,2016年第一批低压电网成本性项目项目（62号）前化滩3号台片等11个项目,null,null,null,null,220300.97,6609.03,3050100000000000000
88218,201705,产品流动卡,1416W0649(焊接完了品)(白色附图16),个,40,7.3,292.0,49.64,1060201990000000000
12045,201701,冷轧板,1.5,吨,1.441,3760.6837606837607,5419.15,921.25,1080207090000000000
85862,201612,润滑油嘉实多大力士15W40,18L,桶,35,266.6666666666667,9333.33,1586.67,1070101070000000000
89485,201701,封箱胶带,60*68,卷,1740,3.794871794871795,6603.08,1122.52,1070504020000000000
79924,201703,服装,null,件,93,176.06837606837607,16374.36,2783.64,1040201110000000000
79920,201707,服装,null,件,81,239.31623931623932,19384.62,3295.38,1040201110000000000
96805,201711,传动油滤芯,D50SC-5,只,1,94.01709401709401,94.02,15.98,1090102060000000000
83103,201612,桁架配件,J15-1612-148,件,200,3.05982905982906,611.97,104.03,1090115010000000000
61143,201701,加长直钻,6.7*100,支,10,44.44444444444444,444.44,75.56,1080403010000000000
81670,201710,PVC电缆料,HZ-90(36),吨,1.925,10769.23076923077,20730.77,3524.23,1070602010000000000
62145,201710,加强铁,Mar-88,块,389,1.0,389.0,66.13,1080207070000000000
53337,201701,新希望双峰柠檬西柚酸牛奶,null,null,null,null,-14.35,-2.44,1030204020000000000
17018,201704,麝香镇痛膏,6x10x5,盒,1200,1.205128205128205,1446.15,245.85,1070304060000000000
80425,201703,后超长光电支架,SA2D000010303,件,24,9.658119658119658,231.79,39.41,1090116040000000000
40812,201704,PE母粒,Q210黑,公斤,250,14.102564102564102,3525.64,599.36,1070602010000000000
54438,201703,车船用油,自助0号车用柴油（Ⅴ）,升,432.52,5.178928142051235,2239.99,380.8,null
31334,201702,护套线,null,卷,1,145.63,145.63,4.37,null
40554,201706,合结钢40Cr,φ24,公斤,1316,3.316239316239316,4364.17,741.91,1080401010000000000
70796,201702,服装加工费,SS17MDVTRSURB309,条,780,11.538461538461538,9000.0,1530.0,2010500000000000000
56958,201703,展架制作,null,套,28,194.17464286,5436.89,163.11,null
48528,201709,直径50PE管,null,米,400,12.135922330097086,4854.37,145.63,null
61169,201704,补贴,null,null,1,1739.12621359,1739.13,52.17,null
66256,201612,铁皮打包带,16*0。36,Kg,500,4.188034188034188,2094.02,355.98,1070502000000000000
61010,201703,工具,null,批,1,21880.34188034188,21880.34,3719.66,1080417000000000000
7033,201703,背包,null,个,5,85.47008547008546,427.35,72.65,1040303020000000000
17459,201704,锦纶丝,22/7AA,公斤,324,30.341882716049383,9830.77,1671.23,1070404020000000000
11193,201706,舒肤佳海盐天然洁净沐浴露400毫升,null,箱,6,143.1054128205128,858.63,145.97,1070223010000000000
41539,201707,住宿费,null,null,null,null,1034.91,62.09,3070402000000000000
25407,201708,圣莲娜皮筋SLN-0010,null,包,80,2.735042735042735,218.8,37.2,1060512100000000000
5560,201710,跨度 纯手工头层牛皮动感休闲夏季包头沙滩防滑舒适男士凉鞋16823,null,双,14,145.2991452991453,2034.19,345.81,1040204010000000000
4926,201701,螺丝全套,8.8 12*55,套,330,0.555555555555556,183.33,31.17,1080417000000000000
6270,201612,过滤器,7立方,个,2,68.37606837606837,136.75,23.25,1090121010000000000
9204,201702,涤纶短纤,三维7D*64本白阻燃,吨,2.0865,7948.717948717948,16585.0,2819.45,1070403020000000000
53694,201701,蜜炼枇杷糖,32g(16粒）,盒,10,2.991452991452991,29.91,5.09,1030202010000000000
63668,201701,氧气,null,瓶,10,17.094017094017094,170.94,29.06,1070203060000000000
41743,201612,V2218 130抽维达纸面巾(1×3×12)装/箱(新规格),1×3×12,箱,6.0833,102.92293839052992,626.11,106.44,1060105040000000000
15526,201704,电力,null,千瓦时,7544,0.872084908140051,6579.01,1118.43,1090404010000000000
90993,201704,800ML海天豉油王酱油,1*12,瓶,240,3.846153846153846,923.08,156.92,1030206020000000000
72329,201707,电力,null,千瓦时,256900,0.680535188789412,174829.49,29721.01,1100101020100000000
1017,201706,变形机器人-多多,720121,个,24,31.623931623931625,758.97,129.03,1060408990000000000
70588,201701,六角法兰面螺栓,A13-1700105,千件,1.5,601.0,901.5,153.26,1080404060000000000
62796,201705,TP304不锈钢管,φ60.3*3.91*6000,公斤,68,16.23931623931624,1104.27,187.73,1080207990000000000
3584,201709,铝锅套装,null,件,100,167.4686324786325,16746.86,2846.97,1080422000000000000
49864,201711,不锈钢元钢06CR18NI11TI,φ126,吨,4.208,14102.564102564103,59343.59,10088.41,1080205000000000000
61941,201711,地脚螺栓,4M30*200,组,32,259.3162393162393,8298.12,1410.68,1010101010000000000
86027,201612,（详见销货清单）,null,null,null,null,40399.82,6867.97,1090604050000000000
25226,201611,混炼胶,20kg,吨,3,12820.5133333333,38461.54,6538.46,1070213020000000000
63547,201611,格力空调,KFR-120LW/E(12568L)A1-N1,套,2,6880.34188034188,13760.68,2339.32,1090131010000000000
13655,201702,医用愈肤生物膜（水剂活性敷料）,50ml,瓶,500,18.803418803418804,9401.71,1598.29,1090245990000000000
85832,201612,住宿费,null,null,null,null,1839.62,110.38,3070402000000000000
64131,201611,PET380纯净水15入纸箱,15入,箱,49.163,6.692372190816145,329.02,55.93,1030307990000000000
9454,201703,T型三通,通用,PCS,40,1.79475,71.79,12.21,1090421990000000000
34591,201612,不锈钢外六角,12*55,千,4.5,789.7435897435897,3553.85,604.15,2010500000000000000
54171,201611,冬季中跟单靴,154174434,双,3,77.80911680911682,233.43,39.68,1040204010000000000
7977,201706,低压球阀Q41F46-16C,DN25,台,10,358.97435897435895,3589.74,610.26,1090119010000000000
56304,201611,插座,SJ6345A-4P 镀银/短脚/单声道,只,2000,0.811965811965812,1623.93,276.07,1090519080000000000
1897,201611,10KV冷缩户内,3*95,套,4,158.1196581196581,632.48,107.52,1070214020000000000
70741,201704,NM1-125H 导电系统100A,5ZTD.559.043.6,套,5040,3.598099206349206,18134.42,3082.85,1090408060000000000
75159,201612,导向套,HTF90-02-90,只,6,25.641025641025642,153.85,26.15,1090101010000000000
63229,201704,猪头层皮,null,平方英尺,25942.9,5.555564450830593,144127.45,24501.67,1040202020000000000
51066,201708,塞头,50,个,37,4.57,169.09,28.75,1080315010000000000
95698,201701,聚氨酯原液,B,公斤,5800,16.2390224137931,94186.33,16011.67,1070213010000000000
89967,201703,聚氨酯原液,B,公斤,9000,15.9829055555556,143846.15,24453.85,1070213010000000000
81906,201705,女鞋,null,双,7200,10.813333,77856.0,13235.52,1040204990000000000
96466,201702,衬衫,null,件,23,541.2204347826087,12448.07,2116.17,1040201080000000000
83963,201703,小螺钉,712101D,只,1000,0.05,50.0,8.5,1080414010000000000
18072,201611,无纺布,null,公斤,751,11.965811965811966,8986.32,1527.68,1040111010000000000
17987,201612,石英管,φ160/170*2210mm,支,2,16239.31623931624,32478.63,5521.37,1080112020000000000
35598,201701,柴油,0号,吨,1.429796969,5977.777777777777,8547.01,1452.99,1070101030000000000
11061,201612,用电安全智能传感终端,null,套,3,726.4957264957264,2179.49,370.51,1090503030000000000
54125,201701,塑料护套,25型,米,5205,1.623931623931624,8452.56,1436.94,1050202050000000000
12220,201705,蜂窝纸板,6-EVF-100D/10上,片,40,8.512820512820513,340.51,57.89,1060102990000000000
50655,201611,全棉坯布,null,米,877.8,7.692307692307692,6752.31,1147.89,1040101050000000000
31346,201611,西门子对开门冰箱,null,null,null,null,-12820.51,-2179.49,1090414010000000000
15502,201704,涤粘梭织坯布,77,米,8527.6,6.41018123955879,54663.46,9292.79,1070403020000000000
23025,201702,瓷管,M102060068,只,639,102.56410256410257,65538.46,11141.54,1080120040000000000
58360,201701,针织布,null,KG,402.1,43.58974358974359,17527.44,2979.66,1040101050000000000
90547,201612,淬火加工费,null,kg,25952,0.897435897435897,23290.26,3959.34,2010500000000000000
86803,201701,银焊料,20B,公斤,20,863.2478632478633,17264.96,2935.04,1080426000000000000
86824,201612,万向橡胶轮,3寸,只,20,15.384615384615385,307.69,52.31,1090120010000000000
15794,201612,平板,790x 590x(HOO1OU1       ),张,770,1.222222222222222,941.11,159.99,1060105010000000000
13958,201703,活性嫩黄P-6GS,null,公斤,200,21.3675,4273.5,726.5,1070211010000000000
94732,201701,汽油,92#,升,30.91190108,5.52991452991453,170.94,29.06,1070101010200000000
56706,201611,针织坯布,null,公斤,3429.95,17.31641698696612,59394.44,10097.06,1040112040000000000
49191,201611,汤斗,500,只,2,51.282051282051285,102.56,17.44,1090230010000000000
50867,201702,圆柱销,12*1米,根,50,10.256410256410255,512.82,87.18,1090211070000000000
73111,201704,糯米酒,400ml,袋,30,1.061946902654867,31.86,4.14,1030102010300000000
75473,201707,增值电信服务,1,1,1,81.92,81.92,4.91,3030200000000000000
23243,201704,罗纹钢,16m/m,吨,7.964,2769.230769230769,22054.15,3749.21,1080401010000000000
10743,201704,水泵,HJ752,台,150,11.760683760683762,1764.1,299.9,109011701
77916,201708,毛织,null,件,2,967.685,1935.37,329.01,1040201130000000000
48571,201707,槽  　钢,null,支,2,448.71794871794873,897.44,152.56,1020301000000000000
10999,201701,活门组,null,只,31000,1.316239316239316,40803.42,6936.58,1090310019900000000
59801,201611,交强险,null,单,1,849.06,849.06,50.94,3060302020000000000
90120,201704,基础电信服务费,null,null,1,2642.34234234,2642.34,290.66,3030100000000000000
57233,201611,分气链条调整器,QJ465MS.4.1,只,1503,12.1648,18283.69,3108.23,1090310019900000000
7197,201702,管接头1,CF4G15T-1118030-1,只,1600,1.45299375,2324.79,395.21,1090310019900000000
11711,201701,电动泵,HHB-700A,台,1,1231.6239316239316,1231.62,209.38,1090117010000000000
18407,201612,胶管,T3482V049,支,2,2.99,5.98,1.02,1070502000000000000
46239,201612,盐酸帕罗西汀片（乐友）,20mg*14片,盒,1000,51.92307692307692,51923.08,8826.92,1070302050000000000
7198,201703,包装扣,null,斤,50,2.136752136752137,106.84,18.16,1070213019900000000
12948,201612,黛丽舍不锈钢汤锅,GL1722B,只,6,138.34615384615384,830.08,141.11,1080422000000000000
13798,201702,锈不了节能无涂层铁锅,null,null,null,null,-190.71,-32.42,1080422000000000000
78992,201705,横向刨皮刀.B系列,GJ09B1,个,48,8.547008547008547,410.26,69.74,1080403030000000000
85499,201612,鞋楦,null,双,406,14.525704180876595,5897.44,1002.56,1040204070000000000
66789,201703,22cm不锈钢汤锅,C1722,只,224,51.8888839285714,11623.11,1975.93,1080422000000000000
30289,201702,天然养生陶瓷煲,CP17A,只,1,188.03418803418802,188.03,31.97,1090417010000000000
92660,201703,电力,null,千瓦时,5879,0.779680828328557,4583.74,779.24,1100101020200000000
25825,201704,KTA塑料袋,39*40,条,2000,0.175726495726496,351.45,59.75,1070601010200000000
46418,201612,围裙手指,726A,只,20,4529.91452991453,90598.29,15401.71,1070599000000000000
51169,201709,龙士达中号微波饭煲 1110,L-1110,只,10,11.11111111111111,111.11,18.89,1070601120000000000
18210,201701,拖鞋（PU面）,null,双,6000,11.50997150997151,69059.83,11740.17,1040204030000000000
63708,201612,拉紧轮,A19066,件,3,55.55555555555556,166.67,28.33,1080419990000000000
65784,201612,标贴,null,张,200,2.905982905982906,581.2,98.8,1090222020000000000
14264,201612,脚轮,null,个,564,53.03994665692308,29914.53,5085.47,1080417000000000000
37516,201704,标准件,null,套,2381,17.94871794871795,42735.9,7265.1,1080414040000000000
14097,201705,中统雨鞋,1*10,双,2,55.55555555555556,111.11,18.89,1090208060000000000
87177,201612,运费,null,null,null,null,12221.62,1344.38,3010102020100000000
86119,201611,家常豆角,散装,公斤,6.4,12.92,82.69,14.06,1030110040000000000
25338,201701,后弓七片,YTS10/90*13,片,18,23.354700854700855,420.38,71.47,1090310020100000000
52603,201612,办公用品,null,批,1,852.1367521367522,852.14,144.86,1060403030000000000
88177,201611,接插件,5-103635-2,个,200,3.931623931623932,786.32,133.68,1090232070000000000
58715,201701,竹纤维2条装女内裤,MC8970-XL,null,80,16.666666666666668,1333.33,226.67,1040201010000000000
1464,201611,脖套（60%腈纶40%涤纶）,null,条,1360,21.538461538461537,29292.31,4979.69,1040114010000000000
1643,201612,公司形象袋,300*400*80,只,1000,2.46957,2469.57,419.83,1060105010000000000
93606,201611,电力,null,千瓦时,4234,0.804499291450165,3406.25,579.06,1100101020100000000
47886,201611,光电开关,BEN5M-MFR,只,1,128.2051282051282,128.21,21.79,1090406040000000000
60535,201704,办公用品,null,null,1,64.95726495726495,64.96,11.04,1060105020000000000
62010,201710,不锈钢保温杯,NNPM-360-1,只,120,38.46153846153846,4615.38,784.62,1080115010000000000
11040,201612,聚脂铁芯轮,null,只,1266,10.836337613588798,13718.8,2332.2,1070501010000000000
41706,201704,电力转让,null,千瓦时,64762,0.742119138663409,48061.12,8170.39,1100101020100000000
14023,201707,重型脚轮,8寸刹车,只,40,76.92307692307692,3076.92,523.08,1090113050000000000
55962,201710,聚合氯化铝,null,吨,2,1709.4017094017095,3418.8,581.2,1070201160000000000
73939,201612,450甜牛奶,1*12,箱,5500,17.094017094017094,94017.09,15982.91,1030204010000000000
79431,201612,全抛光双开口扳手22*24mm,null,把,1,8.547008547008547,8.55,1.45,1080404040000000000
43158,201702,餐饮管理服务费,null,null,null,null,77159.43,4629.57,3040802040000000000
58890,201703,10G果味大棒棒糖(多口味）1*28,null,支,8000,0.555555555555556,4444.44,755.56,1030202010000000000
47937,201704,蛋格,22*25,片,612,0.11965811965812,73.23,12.45,1060105010000000000
74736,201704,夹件,SZ13-M-100(Q5427.4GW),台,159,144.44444444444446,22966.67,3904.33,1090404060000000000
7573,201704,移液器,0.5-5ml,支,1,1196.5811965811965,1196.58,203.42,1090605110000000000
43977,201707,标贴,30109013905,张,43,0.555555555555556,23.89,4.06,1060201990000000000
69728,201611,叉车配件：驱动轮（聚氨酯）,null,只,2,1411.98,2823.96,480.07,1090299000000000000
84333,201612,针织布染色,null,null,null,null,-27470.94,-4670.06,1040101060000000000
56946,201701,光亮平滑剂DX8873,null,KG,1125,8.547008547008547,9615.38,1634.62,1010101990000000000
2295,201706,缩绒加工费,null,件,11539,2.222118523357799,25641.03,4358.97,2010500000000000000
94887,201611,不锈钢荒管304L,67*5,kg,6310,13.162393162393162,83054.7,14119.3,1080207120000000000
46594,201701,不锈钢螺帽,6,千件,4,28.205128205128204,112.82,19.18,1080417000000000000
5082,201704,电子线,QB-B  1.0mm2（镀锡）,千米,12.7,496.64109294030555,6307.34,1072.25,1090409990000000000
90725,201612,废铁,null,KG,153.6,1111.111111111111,170666.67,29013.33,1080207020000000000
66846,201702,印刷品,热风炉操作记录 见附件,本,50,4.273504273504274,213.68,36.32,1060201990000000000
78144,201704,印花加工费,null,米,45297,1.53847663351604,69688.38,11847.02,2010500000000000000
11216,201611,平滑剂,NC-606,KG,1125,5.555555555555556,6250.0,1062.5,1070201010200000000
80891,201612,绳扣,null,粒,7400,0.064102564102564,474.36,80.64,1040201990000000000
710,201704,标牌,160*100,块,2,13.675213675213675,27.35,4.65,1020401070000000000
84008,201708,磨光棒1215,Φ23,公斤,1045,4.230769230769231,4421.15,751.6,1080207040000000000
88728,201709,木箱,220*85*50,个,1,347.86324786324786,347.86,59.14,1050108030000000000
80233,201701,封盖,φ38,只,2000,0.213675213675214,427.35,72.65,1070601990000000000
77594,201612,棉T400,null,米,1178,11.11111111111111,13088.89,2225.11,1040101050000000000
11721,201611,运送器,null,套,150,444.44444444444446,66666.67,11333.33,1090114990000000000
46778,201702,SGE 弹簧板 590107,MD0590107-0,千个,10,60.0,600.0,102.0,1090514040000000000
88552,201702,墨斗,null,瓶,1,2.564102564102564,2.56,0.44,1080417000000000000
12205,201705,BXQ--50包装袋,钢架,只,200,17.60683760683761,3521.37,598.63,1040303020000000000
15181,201710,盲板 20#,DN50 PN2.0 T=5MM,件,1,22.22222222222222,22.22,3.78,1080207990000000000
26230,201701,材料及修车,null,辆,1,253.84615384615384,253.85,43.15,1090310019900000000
44571,201703,A4复印纸,佳顺70G,包,30,13.846153846153847,415.38,70.62,1060103020000000000
34196,201701,木箱,null,批,null,null,51461.54,8748.46,1050106020000000000
84287,201612,线材,Φ2.8MM,KG,2241.5,3.675213675213675,8237.99,1400.46,1080411010000000000
24941,201612,手机,8.62552E+14,台,1,3332.4786324786323,3332.48,566.52,1090504040000000000
54491,201701,轿厢导轨,4515918989,套,1,5305.01,5305.01,901.85,1090115040000000000
18750,201611,笔记本电脑,null,台,1,4470.08547008547,4470.09,759.91,1090509010000000000
90657,201612,吡啶,500ml,瓶,20,35.8974358974359,717.95,122.05,1070214010000000000
69748,201612,中网,null,只,1,68.37606837606837,68.38,11.62,1090310019900000000
12256,201701,白沙(和天下),null,条,10,724.7863247863248,7247.86,1232.14,1030402010000000000
13617,201701,南京(佳品),null,条,4086,80.2905982905983,328067.38,55771.46,1030402010000000000
31698,201701,岗亭,1.2*1.8*2.2,台,1,4430.7692307692305,4430.77,753.23,5019900000000000000
28465,201612,彩盒,null,个,2016,0.683760683760684,1378.46,234.34,1060105010000000000
41414,201703,牛黄蛇胆川贝液,150ml,盒,50,11.794871794871796,589.74,100.26,1010103000000000000
45891,201701,西门子冰箱,KA82NV03TI,台,1,4871.794871794872,4871.79,828.21,1090414030000000000
7518,201612,转向轮毂,null,只,2,77.77777777777777,155.56,26.44,1090310011000000000
3810,201612,制版机自动装版机,MAT800,台,1,42735.042735042734,42735.04,7264.96,1090222010000000000
10296,201702,1.5KW变频器,ATV310HU15N4A,只,75,1010.2564102564103,75769.23,12880.77,1090407020000000000
97647,201612,网络摄像机,DS-2CD3335D-I    4mm,个,8,299.145,2393.16,406.84,1090253100000000000
47276,201612,交换机,SOHO-S1008A-CN,台,20,76.92307692307692,1538.46,261.54,1090510030000000000
10059,201612,以色列Truphatek喉镜,弯3#,null,2,666.6666666666666,1333.33,226.67,1090245990000000000
33393,201702,万向管（761586001）,宏钥,个,20,51.282051282051285,1025.64,174.36,1070601030000000000
62054,201612,运费、吊费,null,车,1,34.18803418803419,34.19,5.81,1080401010000000000
54897,201612,空调涨紧轮,null,个,1,38.46153846153846,38.46,6.54,1090124080000000000
24341,201704,V0102 7张4层Feel升级版迷你维达纸巾432装/箱1×(10+2)×36（16.07）,1×(10+2)×36,箱,10,108.41025641025641,1084.1,184.3,1060105040000000000
41742,201706,V2166B 绵柔婴儿150抽抽取式纸面巾(1×6×12)装/箱,1×6×12,箱,30.4166,114.16224530116325,3472.43,590.31,1060105040000000000
43884,201706,轴承,6016,套,2,42.73504273504273,85.47,14.53,1090123010000000000
48363,201612,60g凯旋溜溜梅,1件*48袋,件,2,147.7051282051282,295.41,50.22,1030202060000000000
1025,201704,农心袋面,null,null,null,null,-63.45,-10.79,1030203030000000000
93640,201702,电机YKQ160L-2-22KW/B35(IP23)  Z650T350,null,台,20,1574.4615384615386,31489.23,5353.17,1090118000000000000
23090,201611,后门总成,XOW8508100,件,1,598.2905982905983,598.29,101.71,1090601020000000000
57699,201701,钢架,null,只,3,1837.6068376068376,5512.82,937.18,1090199000000000000
13662,201612,钢管,BD020-412010-500,件,1,3.32,3.32,0.56,1090108010000000000
76252,201701,装饰盖_HEK-1500-4-10-04_PC110_黑色,611388,只,1500,0.247863247863248,371.79,63.21,1070601120000000000
47703,201705,ＬＥＤ灯,null,只,2000,17.094017094017094,34188.03,5811.97,1090516030000000000
93701,201706,一轴圆柱轴承,null,件,2,64.1025641025641,128.21,21.79,1090124080000000000
66470,201708,一品鲜,null,箱,10,134.956,1349.56,229.43,1030206020000000000
47232,201706,染费,真丝彩皮顺纡修花绸,米,1818.7,3.24175387792257,5895.78,1002.28,1040104030000000000
37080,201704,PN新分线器,null,只,39,1.055384615384615,41.16,7.0,1050202050000000000
88192,201705,L-1920彩贴,null,张,65,0.854700854700855,55.56,9.44,1060102040000000000
13661,201705,发动机支座在,XF308-350100-000,件,1,8.831908831908803,8.83,1.5,1090105130000000000
29371,201710,微波炉,null,台,1,726.4957264957264,726.5,123.5,1090421050000000000
77205,201612,新金冠 黑HX-S型,null,公斤,12,31.965811965811966,383.59,65.21,1070209010000000000
22542,201612,total PSA （前列腺特异抗原）,100T,盒,1,1533.33,1533.33,260.67,1070308040000000000
81788,201612,三极管,BAT46WJ,只,200,0.555555555555556,111.11,18.89,1090515010000000000
81553,201612,人丝面料,null,米,4020.9,22.5608547008547,90714.94,15421.54,1040201990000000000
11051,201612,模胚,大水口 SCI 200.00X230.00 A60.00 B70.00,套,1,2051.28205128,2051.28,348.72,1090211070000000000
64560,201701,模胚,大水口 SCI 250.00X400.00 A70.00 B90.00,套,1,2282.05128205,2282.05,387.95,1090211070000000000
63568,201612,单标记移液吸管(A)级,50ml,支,5,8.547008547008547,42.74,7.26,1080111990000000000
57583,201701,导靴,PF16219365,件,24,43.447,1042.73,177.26,109011504
46944,201612,三星,SM W2016,台,1,7658.119658119658,7658.12,1301.88,1090505010000000000
1691,201704,住宿费,null,null,null,null,1114.15,66.85,3070402000000000000
8630,201701,报警器,YS-300M,只,18,794.8717948717949,14307.69,2432.31,1090425050000000000
44390,201612,协作费,null,null,1,94339.62264150943,94339.62,5660.38,3040602990000000000
67642,201701,碳钢精抛光两用扳手19mm,S017019,把,144,7.271111111111111,1047.04,178.0,1080404000000000000
46111,201703,贴片三极管,S9013LT1,只,3000,0.068376068376068,205.13,34.87,1090519080000000000
87207,201612,矩形管,120*60,吨,0.91,3023.931623931624,2751.78,467.8,1080207130000000000
73983,201703,彩电-32寸-L32P1A黑色,10107112742,台,2,1153.845,2307.69,392.31,1090522010101071127
63551,201704,中控CN011-S71U理线架715（喷塑）,1704ZKWP062,件,10,1.709401709401709,17.09,2.91,1090501010000000000
21262,201702,大号不锈钢三层餐车(拆装式),950*500*950 112303,台,2,340.17,680.34,115.66,1070601120000000000
25209,201611,组合垫圈 （镀锌）,Φ14,只,2000,0.25,500.0,85.0,1090125000000000000
45094,201706,装饰扣,8*8单面钉 白坯,粒,600000,0.005555555555556,3333.33,566.67,1060512070000000000
63624,201612,运费,null,null,null,null,90000.0,9900.0,3010102020100000000
13361,201704,运费,null,吨,6.545454545,495.4954954954955,3243.24,356.76,3019902000000000000
39144,201708,热转印膜,null,平方米,396,2.564102564102564,1015.38,172.62,1060201990000000000
8194,201704,AO-10037 高密度脂蛋白胆固醇（直接法）,80ml,盒,4,61.53846153846154,246.15,41.85,1070306010000000000
75439,201702,美加净倍润沐浴露,1000ml*6瓶,箱,1,93.85,93.85,15.95,1070223010000000000
53841,201704,胶板,null,千克,15,42.73504273504273,641.03,108.97,1070503000000000000
86506,201704,压板套件(FT845),1937079100,只,224,2.51,562.24,95.58,1080414040000000000
86506,201704,垫片3*60*150,1740031000,只,50,2.25,112.5,19.13,1080414040000000000
54007,201705,布胶鞋,null,双,500,19.23076923076923,9615.38,1634.62,1040204030000000000
68157,201702,女鞋,null,双,2930,31.73076923076923,92971.15,15805.1,1040204010000000000
87792,201703,标书工本费,null,null,1,1415.0943396226414,1415.09,84.91,3040802990000000000
63362,201705,不锈钢螺母,M8,千支,182,75.21367521367522,13688.89,2327.11,1080414010000000000
4089,201704,美的电压力锅 W13PCS603E,null,null,null,null,266.74,45.35,1090417010000000000
15619,201705,3011芬达葡萄拉罐330(24),null,null,null,null,-7.91,-1.34,1030307010000000000
60961,201704,住宿费,null,null,null,null,939.62,56.38,3070402000000000000
80843,201703,卓诗尼女鞋,35-39,双,81,84.41489922971404,6837.61,1162.39,1040204010000000000
34523,201701,塑料件,null,套,800,106.83760683760684,85470.09,14529.91,1060501020000000000
24892,201701,保险丝,4A,只,20,0.512820512820513,10.26,1.74,1090407020000000000
63089,201703,护轮杆,12”3.0毛坯,付,1310,1.623931623931624,2127.35,361.65,1090314040000000000
58501,201703,基准板,QY-ZMZ-35,件,1,188.03418803418802,188.03,31.97,1090211990000000000
68932,201703,刀片,SEHT1204AFSN,片,50,22.22222222222222,1111.11,188.89,1080403010000000000
36994,201702,按钮,XB2EA,只,20,12.820512820512821,256.41,43.59,1090232070000000000
61082,201702,马拉糕,null,KG,44.6,19.844965696983635,885.09,150.46,1030103010000000000
5416,201706,圆棒_SAE1141_上五,Ф80,吨,17.82,7846.153846,139818.46,23769.14,1080207040000000000
94304,201702,伸缩锤,大,只,5,29.914529914529915,149.57,25.43,1090604100000000000
40202,201705,纯碱,null,公斤,20000,1.512820512820513,30256.41,5143.59,1070201060000000000
75992,201705,滚针,2*11.2元,万支,350,47.00854700854701,16452.99,2797.01,1090123030000000000
25311,201705,方管,40*40*3.0,支,20,70.94017094017094,1418.8,241.2,1080207990000000000
3911,201703,传动轴配件,null,个,1300,37.73753261111268,49058.79,8340.0,1090124080000000000
69080,201705,天然气,null,立方米,1398,2.876106194690265,4020.8,522.7,1020202000000000000
69814,201704,基本水费,null,立方米,503,2.42718447,1220.87,36.63,1100102020200000000
45464,201612,设备,BC1M2BAT,台,4,849.5726495726495,3398.29,577.71,1090509020000000000
38635,201702,博越1.8T,MR6453C01-EBJ,辆,1,126324.79,126324.79,21475.21,1090305010300000000
46525,201702,代收电费,null,null,null,null,1446.15,245.85,1100101020200000000
71349,201702,多用途清洁剂,null,瓶,4,35.8974358974359,143.59,24.41,1070222020000000000
29092,201701,薇姿温泉矿物水活爽肤水200ml,null,件,30,130.0,3900.0,663.0,1070223020000000000
18802,201701,脚轮,null,只,500,13.675213675213675,6837.61,1162.39,1090117010000000000
92465,201703,石材,null,平方,40,1068.3760683760684,42735.04,7264.96,1080107020000000000
69065,201704,电视线,null,米,800,1.156923076923077,925.54,157.34,1090522050000000000
84176,201703,台钻,ZHX-13,台,1,649.5726495726495,649.57,110.43,1090107030000000000
2246,201702,压力变送器,HCY810 1MPA,只,2,166.66666666666666,333.33,56.67,1090407040000000000
58706,201701,鉴湖陈年加饭酒,2500ml*6,桶,25,13.57128205128205,339.28,57.68,1030304000000000000
7597,201703,热镀方钜管,40*60,吨,0.6,4152.136752136752,2491.28,423.52,1080207130000000000
84781,201701,螺栓,CJ12-600A,只,100,0.656,65.6,11.15,1080414010000000000
62871,201701,冷轧带钢,K-E钢 0.7*71,吨,0.531,2828.754003895247,1502.07,255.35,1080207100000000000
78657,201704,机油滤芯,JO00231,个,120,4.957264957264957,594.87,101.13,1090102010000000000
46926,201701,平垫圈,WG7117349053,件,4062,0.4,1624.8,276.22,1090310010800000000
8000,201704,低压柜壳体,600*1000*2200,台,8,2649.5725,21196.58,3603.42,1090408060000000000
82804,201705,4-1铰链,null,只,1000,0.94017094017094,940.17,159.83,1050201990000000000
7737,201704,十一字槽圆柱头螺丝,M4.5*9(铜）,只,102000,0.058033852857382,5919.45,1006.31,1090407020000000000
10646,201703,对接式,25.50/5 0.2S/10P,只,7,470.0854700854701,3290.6,559.4,1090404020000000000